,titles,prices
0,DISNEY PIXAR CARS 1 2 3 2022 2021 CARD NEW Diecast TOKYO DRIFT PLANES BUNDLE TOY,$6.29 to $50.40
1,Disney Pixar Cars Lightning McQueen 1:55 Diecast Metal Model Car Toy Gift Kids,$6.99 to $37.99
2,"Hot Wheels Lot +40 Cars / Vehicles; Unsearched Matchbox, Disney, Tonka, Etc. ğŸ”¥",$23.95
3,2024 ğŸ Hot Wheels ğŸ  Cars Main Line ğŸš—ğŸš™ğŸš“ ğŸšš YOU PICK âœ… BUY 15+ FREE SHIP âœ…,$0.99 to $9.99
4,Disney Pixar Cars Lot Lightning McQueen 1:55 Diecast Metal Car Toy Gift for Boy,$4.99 to $18.99
5,Disney Pixar Cars Lightning McQueen 1:55 Diecast Metal Model Car Toys Gift Loose,$6.29 to $23.93
6,Hot Wheels 2024 Car Culture Team Transport A Case Set of 3 Carsã€In-Stockã€‘,$49.99
7,Disney Pixar Cars Lot Lightning McQueen 1:55 Diecast Model Toy Car Gift for Boy,$6.29 to $35.16
8,Disney Pixar Cars Lightning McQueen 1:55 Diecast Model Car Toy Gift for Boy Kids,$4.99 to $37.99
9,2024 Disney Pixar Cars Easter SET OF 6 Mater Lightning McQueen Ramone Flo Buggy,$49.49
10,DISNEY PIXAR CARS MINI RACERS NEW Diecast TOKYO DRIFT TOY BLIND SERIES LOOSE,$3.77 to $37.79
11,High Quality Standard Blade Fuses For Car Van Bike - 5A 10A 15A 20A 25A 30A 40A,$1.25 to $63.01
12,Multicolor Car Interior Accessories Atmosphere LED Lights Lamp W/ Remote Control,$4.05
13,Disney's Pixar Cars 1:55 Flash McQueen Finn McCraket Diecast Kids Car Toy,$2.53 to $26.69
14,Black 5D Carbon Fibre Vinyl Wrap Sheet Film Sticker Car Wrap Air Bubble Free,$3.72 to $403.27
15,Disney Pixar Cars 1:55 King & Jackson Storm Diecast Toy Cars Gifts,$4.21 to $18.38
16,Hot Wheels Mainline Premium RLC Treasure Hunt Boulevard Team Cars Updated 3/24,$3.00 to $85.00
17,Disney Pixar Cars Mini Racers You Pick Loose Metal Diecast Kids Gift Mattel Toy,$1.99 to $9.99
18,Disney's Pixar Cars 1:55 Flash McQueen Finn McCraket Diecast Kids Car Toy,$6.48 to $16.00
19,Magnetic Black Phone Holder Screen Side Sticker Car Dashboard Mount Accessories,$5.15
20,2023 ğŸ”¥ Hot Wheels ğŸ”¥  Cars Main Line YOU PICK ğŸš—ğŸš™ğŸš“ ğŸšš - NEW UPDATED 2/9 âœ…,$1.29 to $9.99
21,ğŸ Matchbox ğŸ Cars Main Line YOU PICK ğŸš—ğŸš™ğŸš“ ğŸšš - NEW UPDATED 2/26 âœ…,$1.99 to $17.99
22,100W USB Phone Charger Type C QC3.0 Black Fast Charging Car Interior Accessories,$8.99
23,8pcs Invisible Car Door Handle Scratches Sticker Protector Film Decal for Honda,$12.99
24,Car Paint Scratch Repair Remover Agent Car Coating Maintenance Accessories 30ml,$5.93
25,Hot Wheels Premium Car Culture Real Riders 1:64 - You Pick - UPDATED 2.22.2024,$2.94 to $12.97
26,DCT 1:64 Lexus LFA White/Silver/Black/Red/Yellow/Blue Diecast Model Car,$11.85
27,2023 2024 Hot Wheels PART 1 of 2 Mainlines F CASE! ğŸ”¥ Updated 3/20 ğŸ”¥,$1.99 to $399.00
28,"Car Scratch Repair Paste, Professional Car Scratch Repair Agent",$12.59
29,2024 LAUNCH CRP123E OBD2 Scanner Engine ABS SRS Code Reader Car Diagnostic Tool,$141.00
30,Disney Pixar Cars Flash McQueen Chicks Hicks 1:55 Diecast Car Toy Boy,$6.48 to $21.62
31,McQueen Disney Pixar Cars Lightning 1:55 Diecast Model Car Toy Kids Xmas Sally,$1.68 to $14.70
32,Hot Wheels Protective Case by Nozlen for Most Basic Cars 1:64 Scale- 50pk,$52.95
33,Black Magnetic Cell Phone Holder Car Interior Accessories Dashboard Stand Mount,$3.99
34,1x Magnetic Car Suction Sun Shade Curtain Full Shading Sunshade Accessories,$6.36
35,2x Car Accessories Car Door Edge Guard Pads Anti-Scratch Protector Cover Sticker,$1.62
36,Rust Remover Inhibitor Derusting Spray Accessories Car Maintenance Cleaning Tool,$5.62
37,Red Car Interior Accessories Door Gap Edge Line Molding Trim Strip Decor For 5M,$7.16
38,Car Front Windshield Panel Rubber Seal Strip Sealed Moulding Trim Accessories,$17.95
39,Car Floor Mats Fit BMW Model Waterproof auto Custom Liner Carpets Pu Leather,$28.50 to $87.50
40,2024 HOT WHEELS VINTAGE RACING CLUB FACTORY SEALED CASE HRT81-956A 10 PCS,$27.99
41,Hot Wheels Team Transport 2024 A Case Set of 3 FLF56-957 A 1/64,$48.99
42,1set Car Paint Coating Maintenance Scratch Remover Repair Tool Kit Accessories,$5.99
43,2024 Hot Wheels Let's Race ğŸ Case A - G âœ… UPDATED 3/22 Treasure Hunt Netflix,$0.99 to $12.99
44,Car Interior Accessories Solar LED Flash Light Anti-theft Safety Warning Light,$2.75
45,Magnetic Phone Holder Car Dashboard Stand Mount Auto Accessories For Cell Phone,$8.99
46,"Disney Cars Keyring, Tow Mater, Lightning McQueen. Cartoon Character Key Chain",$5.03
47,Roblox - Jailbreak - Car/Item/Texture - 100% CLEAN and Fast Delivery ğŸ”¥,$4.50 to $33.99
48,"Rocket Hardware Hot Wheels Car Case Protector Packs, 2 pieces, 1/64th - 25 Sets",$31.99
49,Universal Car Parking Ticket Receipt Permit Card Holder Stickers Car Accessories,$2.51
50,Car Accessories Type-C LED RGB Ambient Light Car Interior Atmosphere Night Lamp,$3.77
51,2M PU Leather Car Dashboard Decor Line Strip Sticker Moulding Trim Accessories,$10.49
52,Disney - Create Your Own DVD Bundle - Buy 5 Get 5 Free!,$2.52 to $3.78
53,Car Plastic Parts Refurbish Agent Trim Restorer Restoration Exterior Accessories,$7.27
54,OBD2 Scanner OBD Code Reader Car Check Engine Automotive Fault Diagnostic Tool,$18.01
55,Menzerna car polishing set car polishing 1000 2500 3800 polishing set paint polishing 250ml,$32.34
56,âœ… Nissan Radio Code Car Codes Micra Note Qashqai Almera Juke Connect | EXPRESS âœ…,$5.94
57,2x American US Flag Car Stickers Metal Emblem Badge Decal Exterior Accessories,$9.25
58,1/64 VOLVO Geely Xingyue-L Boyue-L SUV Lynk & Co 01 02 03 05 06 09 ZEEKR PAJERO,$4.99 to $20.98
59,2023 Hot Wheels Cars ğŸš™ YOU PICK â­ Mainlines ğŸšš Treasure Hunts âš¡ Updated 3/18,$0.99 to $11.97
60,2022 ğŸ”¥ Hot Wheels ğŸ”¥ Cars Main Line YOU PICK ğŸš—ğŸš™ğŸš“ ğŸšš - NEW UPDATED 12/5 âœ…,$1.49 to $12.99
61,Disney Doorables~Pick Your Lot!~Limited Edition LE Bonus UR HTF~Combined Ship,$2.25 to $300.00
62,100W Accessories USB Car Phone Charger Type C QC3.0 Car Interior Fast Charging ,$8.86
63,Repair Nano Sparkle Cloth for Car Scratch Removal (1-8Pcs) Multi-Purpose Car N&A,$3.34 to $8.01
64,DVD Pick Your Movies Disney Pixar DreamWorks Family Combined Ship DVD LotğŸ‘¨â€ğŸ‘©â€,$1.99 to $4.99
65,Car Parts Glass Repair Fluid Car Accessories Windshield Resin Crack Repair Tool,$4.25
66,Car Accessories Seat Gap Filler Storage Box Phone Holder Organizer Right Side,$17.31
67,Number Plates - 100% ROAD/MOT Legal Premium Car Registration - STANDARD/3D/4D,$10.70 to $45.36
68,Ultra Slim 3.5mm Jack Cable Thin Phone Car Audio AUX Gold Plated 50cm/1m/2m/3m,$2.37 to $4.06
69,"Gps Navigation for Car/Truck Touch Screen Maps w/ Spoken Direction 7""",$43.99
70,Car Accessories Interior USB Atmosphere Star Sky Lamp Ambient Star Night Light,$12.81
